{"layer_sizes": [2, 4, 4, 1], "weights": [[[-0.2957451240297961, -0.3469826739200085], [0.8692287059526431, 0.8594527384062606], [0.9109941017814183, 0.9222965361741903], [-0.4500774611703979, -0.5294618190068934]], [[0.2206165278128269, -0.5218491795220052, -0.2749718432673602, -0.29731945397259835], [-0.2648122795899131, 0.9846260453790512, 0.025210457842270693, -0.7599974095853582], [-0.4069675278301432, 1.0273681736098434, 0.9943358676202693, -0.610297473256149], [0.14919979971877825, -0.46824399683970275, -0.15843401786526493, -0.03969758415734803]], [[-0.060427177231763045, -0.5173306381168393, -1.765667955002569, -0.07963881316516974]]], "biases": [[[0.0], [-0.6489919409888699], [-0.3046204340776643], [0.0]], [[0.0], [-0.2328443327486006], [-0.8309341103885569], [0.0]], [[0.592040878752933]]], "activation": "relu"}